app_id,title_clean,release_date_clean,price_clean,game_url_clean,image_url,price_display,crawl_time
3186540,destiny 2: renegades,2025-12-02,239500.0,https://store.steampowered.com/app/3186540/,https://shared.akamai.steamstatic.com/store_item_assets/steam/apps/3186540/header.jpg,239.500 ₫,2026-06-16 14:02:02
1551360,forza horizon 5,2021-11-08,495000.0,https://store.steampowered.com/app/1551360/,https://shared.akamai.steamstatic.com/store_item_assets/steam/apps/1551360/header.jpg,495.000 ₫,2026-06-16 14:02:02
1172620,sea of thieves: 2026 edition,2020-06-03,311500.0,https://store.steampowered.com/app/1172620/,https://shared.akamai.steamstatic.com/store_item_assets/steam/apps/1172620/header.jpg,311.500 ₫,2026-06-16 14:02:02
2357570,overwatch,2023-08-10,0.0,https://store.steampowered.com/app/2357570/,https://shared.akamai.steamstatic.com/store_item_assets/steam/apps/2357570/header.jpg,Miễn phí,2026-06-18 08:56:10
1808500,arc raiders,2025-10-30,740000.0,https://store.steampowered.com/app/1808500/,https://shared.akamai.steamstatic.com/store_item_assets/steam/apps/1808500/header.jpg,740.000 ₫,2026-06-18 08:56:10
552990,world of warships,2017-11-15,0.0,https://store.steampowered.com/app/552990/,https://shared.akamai.steamstatic.com/store_item_assets/steam/apps/552990/header.jpg,Miễn phí,2026-06-20 22:09:58
1364780,street fighter 6,2023-06-01,794000.0,https://store.steampowered.com/app/1364780/,https://shared.akamai.steamstatic.com/store_item_assets/steam/apps/1364780/header.jpg,794.000 ₫,2026-06-20 22:09:58
3041230,windrose,2026-04-14,385000.0,https://store.steampowered.com/app/3041230/,https://shared.akamai.steamstatic.com/store_item_assets/steam/apps/3041230/header.jpg,385.000 ₫,2026-06-22 13:03:41
2215200,lego batman: legacy of the dark knight,2026-05-22,1490000.0,https://store.steampowered.com/app/2215200/,https://shared.akamai.steamstatic.com/store_item_assets/steam/apps/2215200/header.jpg,1.490.000 ₫,2026-06-22 16:27:02
3241660,r.e.p.o.,2025-02-26,87500.0,https://store.steampowered.com/app/3241660/,https://shared.akamai.steamstatic.com/store_item_assets/steam/apps/3241660/header.jpg,87.500 ₫,2026-06-23 14:17:18
1222670,the sims 4,2020-06-18,0.0,https://store.steampowered.com/app/1222670/,https://shared.akamai.steamstatic.com/store_item_assets/steam/apps/1222670/header.jpg,Miễn phí,2026-06-23 14:17:18
518790,thehunter: call of the wild,2017-02-16,26000.0,https://store.steampowered.com/app/518790/,https://shared.akamai.steamstatic.com/store_item_assets/steam/apps/518790/header.jpg,26.000 ₫,2026-06-23 14:17:18
322330,don't starve together,2016-04-21,16500.0,https://store.steampowered.com/app/322330/,https://shared.akamai.steamstatic.com/store_item_assets/steam/apps/322330/header.jpg,16.500 ₫,2026-06-23 14:17:18
431960,wallpaper engine,2018-11-16,75000.0,https://store.steampowered.com/app/431960/,https://shared.akamai.steamstatic.com/store_item_assets/steam/apps/431960/header.jpg,75.000 ₫,2026-06-23 14:17:18
949230,cities: skylines ii,2023-10-24,610500.0,https://store.steampowered.com/app/949230/,https://shared.akamai.steamstatic.com/store_item_assets/steam/apps/949230/header.jpg,610.500 ₫,2026-06-23 14:17:18
2868840,slay the spire 2,2026-03-05,312000.0,https://store.steampowered.com/app/2868840/,https://shared.akamai.steamstatic.com/store_item_assets/steam/apps/2868840/header.jpg,312.000 ₫,2026-06-23 14:17:18
2958130,jurassic world evolution 3,2025-10-21,656500.0,https://store.steampowered.com/app/2958130/,https://shared.akamai.steamstatic.com/store_item_assets/steam/apps/2958130/header.jpg,656.500 ₫,2026-06-23 14:17:18
3105440,heroes of might and magic: olden era,2026-04-30,299000.0,https://store.steampowered.com/app/3105440/,https://shared.akamai.steamstatic.com/store_item_assets/steam/apps/3105440/header.jpg,299.000 ₫,2026-06-23 14:17:18
3844970,burglin' gnomes,2026-06-10,142000.0,https://store.steampowered.com/app/3844970/,https://shared.akamai.steamstatic.com/store_item_assets/steam/apps/3844970/header.jpg,142.000 ₫,2026-06-23 14:17:18
3404260,dead as disco,2026-05-05,250000.0,https://store.steampowered.com/app/3404260/,https://shared.akamai.steamstatic.com/store_item_assets/steam/apps/3404260/header.jpg,250.000 ₫,2026-06-23 14:17:18
108600,project zomboid,2013-11-08,174000.0,https://store.steampowered.com/app/108600/,https://shared.akamai.steamstatic.com/store_item_assets/steam/apps/108600/header.jpg,174.000 ₫,2026-07-08 02:06:09
294100,rimworld,2018-10-17,356000.0,https://store.steampowered.com/app/294100/,https://shared.akamai.steamstatic.com/store_item_assets/steam/apps/294100/header.jpg,356.000 ₫,2026-07-08 02:06:09
250900,the binding of isaac: rebirth,2014-11-04,16500.0,https://store.steampowered.com/app/250900/,https://shared.akamai.steamstatic.com/store_item_assets/steam/apps/250900/header.jpg,16.500 ₫,2026-07-08 21:27:04
2138330,cyberpunk 2077: phantom liberty,2023-09-25,297000.0,https://store.steampowered.com/app/2138330/,https://shared.akamai.steamstatic.com/store_item_assets/steam/apps/2138330/header.jpg,297.000 ₫,2026-07-08 21:27:04
2807960,battlefield 6,2025-10-10,649500.0,https://store.steampowered.com/app/2807960/,https://shared.akamai.steamstatic.com/store_item_assets/steam/apps/2807960/header.jpg,649.500 ₫,2026-07-08 21:27:04
1144200,ready or not,2023-12-13,199500.0,https://store.steampowered.com/app/1144200/,https://shared.akamai.steamstatic.com/store_item_assets/steam/apps/1144200/header.jpg,199.500 ₫,2026-07-08 21:27:04
3595230,call of duty: modern warfare ii,2022-10-27,180000.0,https://store.steampowered.com/app/3595230/,https://shared.akamai.steamstatic.com/store_item_assets/steam/apps/3595230/header.jpg,180.000 ₫,2026-07-08 21:27:04
413150,stardew valley,2016-02-26,99000.0,https://store.steampowered.com/app/413150/,https://shared.akamai.steamstatic.com/store_item_assets/steam/apps/413150/header.jpg,99.000 ₫,2026-07-08 21:27:04
2183900,"warhammer 40,000: space marine 2",2024-09-09,249000.0,https://store.steampowered.com/app/2183900/,https://shared.akamai.steamstatic.com/store_item_assets/steam/apps/2183900/header.jpg,249.000 ₫,2026-07-08 21:27:04
1326470,sons of the forest,2024-02-22,115500.0,https://store.steampowered.com/app/1326470/,https://shared.akamai.steamstatic.com/store_item_assets/steam/apps/1326470/header.jpg,115.500 ₫,2026-07-08 21:27:04
3017860,doom: the dark ages,2025-05-14,538000.0,https://store.steampowered.com/app/3017860/,https://shared.akamai.steamstatic.com/store_item_assets/steam/apps/3017860/header.jpg,538.000 ₫,2026-07-08 21:27:04
292030,the witcher 3: wild hunt,2015-05-18,66000.0,https://store.steampowered.com/app/292030/,https://shared.akamai.steamstatic.com/store_item_assets/steam/apps/292030/header.jpg,66.000 ₫,2026-07-08 21:27:04
2001120,split fiction,2025-03-06,584500.0,https://store.steampowered.com/app/2001120/,https://shared.akamai.steamstatic.com/store_item_assets/steam/apps/2001120/header.jpg,584.500 ₫,2026-07-08 21:27:04
1868140,dave the diver,2023-06-28,130000.0,https://store.steampowered.com/app/1868140/,https://shared.akamai.steamstatic.com/store_item_assets/steam/apps/1868140/header.jpg,130.000 ₫,2026-07-08 21:27:04
814380,sekiro: shadows die twice - goty edition,2019-03-21,645000.0,https://store.steampowered.com/app/814380/,https://shared.akamai.steamstatic.com/store_item_assets/steam/apps/814380/header.jpg,645.000 ₫,2026-07-08 21:27:04
2050650,resident evil 4,2019-01-24,212500.0,https://store.steampowered.com/app/2050650/,https://shared.akamai.steamstatic.com/store_item_assets/steam/apps/2050650/header.jpg,212.500 ₫,2026-07-08 21:27:04
2246340,monster hunter wilds,2025-02-27,584000.0,https://store.steampowered.com/app/2246340/,https://shared.akamai.steamstatic.com/store_item_assets/steam/apps/2246340/header.jpg,584.000 ₫,2026-07-08 21:27:04
1671210,deltarune,2025-06-04,257000.0,https://store.steampowered.com/app/1671210/,https://shared.akamai.steamstatic.com/store_item_assets/steam/apps/1671210/header.jpg,257.000 ₫,2026-07-08 21:27:04
261550,mount & blade ii: bannerlord,2022-10-25,320000.0,https://store.steampowered.com/app/261550/,https://shared.akamai.steamstatic.com/store_item_assets/steam/apps/261550/header.jpg,320.000 ₫,2026-07-08 21:27:04
1462040,final fantasy vii remake intergrade,2022-06-17,346500.0,https://store.steampowered.com/app/1462040/,https://shared.akamai.steamstatic.com/store_item_assets/steam/apps/1462040/header.jpg,346.500 ₫,2026-07-08 21:27:04
3764200,resident evil requiem,2026-02-26,1160000.0,https://store.steampowered.com/app/3764200/,https://shared.akamai.steamstatic.com/store_item_assets/steam/apps/3764200/header.jpg,1.160.000 ₫,2026-07-08 21:27:04
1158310,crusader kings iii,2020-09-01,261500.0,https://store.steampowered.com/app/1158310/,https://shared.akamai.steamstatic.com/store_item_assets/steam/apps/1158310/header.jpg,261.500 ₫,2026-07-08 21:27:04
227300,euro truck simulator 2,2012-10-12,134730.0,https://store.steampowered.com/app/227300/,https://shared.akamai.steamstatic.com/store_item_assets/steam/apps/227300/9a81dc3126c56637297b654f9dcac057cfd79b77/header.jpg?t=1782839042,134.730 ₫,2026-07-11 18:55:57
447040,watch_dogs 2,2016-11-28,30950.0,https://store.steampowered.com/app/447040/,https://shared.akamai.steamstatic.com/store_item_assets/steam/apps/447040/header.jpg?t=1751986887,Rp 30 950,2026-07-11 18:55:57
394360,hearts of iron iv,2016-06-06,872000.0,https://store.steampowered.com/app/394360/,https://shared.akamai.steamstatic.com/store_item_assets/steam/apps/394360/67bbd0057627fc2244793bcdd09260c2539499cf/header.jpg?t=1782396105,872.000 ₫,2026-07-11 18:55:57
1943950,escape the backrooms,2025-10-23,125000.0,https://store.steampowered.com/app/1943950/,https://shared.akamai.steamstatic.com/store_item_assets/steam/apps/1943950/f3dac53a5d3e68a4bb67786872b4693260049b26/header.jpg?t=1782122172,125.000 ₫,2026-07-11 18:55:57
1297900,gothic 1 remake,2026-06-05,895000.0,https://store.steampowered.com/app/1297900/,https://shared.akamai.steamstatic.com/store_item_assets/steam/apps/1297900/6bc8c205a107e552f14631524f25cdf88743515a/header.jpg?t=1782739446,895.000 ₫,2026-07-11 18:55:57
266410,iracing,,249750.0,https://store.steampowered.com/app/266410/,https://shared.akamai.steamstatic.com/store_item_assets/steam/apps/266410/header.jpg?t=1781016164,249.750 ₫,2026-07-12 15:13:05
438100,vrchat,,0.0,https://store.steampowered.com/app/438100/,https://shared.akamai.steamstatic.com/store_item_assets/steam/apps/438100/header.jpg?t=1762366454,Miễn phí,2026-07-12 18:46:16
1151340,fallout 76,,999750.0,https://store.steampowered.com/app/1151340/,https://shared.akamai.steamstatic.com/store_item_assets/steam/apps/1151340/0bd68f952d2abb58a5710964b97f56584ef49f4d/header.jpg?t=1780927266,999.750 ₫,2026-07-12 18:46:16
216150,maplestory,,0.0,https://store.steampowered.com/app/216150/,https://shared.akamai.steamstatic.com/store_item_assets/steam/apps/216150/header.jpg?t=1782350043,Miễn phí,2026-07-12 18:46:16
281990,stellaris,,1249750.0,https://store.steampowered.com/app/281990/,https://shared.akamai.steamstatic.com/store_item_assets/steam/apps/281990/521716e888b3d7815dd340e00856f0b549b6a9c7/header_alt_assets_12.jpg?t=1782139685,1.249.750 ₫,2026-07-12 18:46:16
2344520,diablo iv,,1249750.0,https://store.steampowered.com/app/2344520/,https://shared.akamai.steamstatic.com/store_item_assets/steam/apps/2344520/80f21a42e378b93e8fbb68ee43103be8ab84891b/header.jpg?t=1782839766,1.249.750 ₫,2026-07-12 22:14:25
3839790,granblue fantasy: relink - endless ragnarok upgrade kit (standard edition),,749750.0,https://store.steampowered.com/app/3839790/,https://shared.akamai.steamstatic.com/store_item_assets/steam/apps/3839790/b503541d57a9cb8f2b4af8b11f2d458a4e601e7e/header.jpg?t=1783675384,749.750 ₫,2026-07-12 22:14:25
3751950,assassin's creed black flag resynced,,1499750.0,https://store.steampowered.com/app/3751950/,https://shared.fastly.steamstatic.com/store_item_assets/steam/apps/3751950/9b046115b1663a4be2b252712328e4f6c162da68/header.jpg?t=1783617053,1.499.750 ₫,2026-07-12 22:57:19
4704690,meccha chameleon,,149750.0,https://store.steampowered.com/app/4704690/,https://shared.fastly.steamstatic.com/store_item_assets/steam/apps/4704690/163e2a742e5fb8e1f5d1e3a890da98f04ab809d4/header.jpg?t=1782561846,149.750 ₫,2026-07-12 22:57:19
230410,warframe,,0.0,https://store.steampowered.com/app/230410/,https://shared.fastly.steamstatic.com/store_item_assets/steam/apps/230410/a000b4bf98dde5d51cd44206f1ac21d04841017e/header.jpg?t=1783809792,Miễn phí,2026-07-12 22:57:19
2767030,marvel rivals,,0.0,https://store.steampowered.com/app/2767030/,https://shared.fastly.steamstatic.com/store_item_assets/steam/apps/2767030/2ae230297a1b7f64ea759e3943b68a9a41070d67/header_alt_assets_9.jpg?t=1783674088,Miễn phí,2026-07-12 22:57:19
3513350,wuthering waves,,0.0,https://store.steampowered.com/app/3513350/,https://shared.fastly.steamstatic.com/store_item_assets/steam/apps/3513350/def229d7f1bf39fab1ccf752b49654017e13ef53/header.jpg?t=1783626990,Miễn phí,2026-07-12 22:57:19
2483190,forza horizon 6,,1749750.0,https://store.steampowered.com/app/2483190/,https://shared.fastly.steamstatic.com/store_item_assets/steam/apps/2483190/744a52b2f79bb03825dea2c0fcfa29e330bb2f1e/header_alt_assets_1.jpg?t=1782238812,1.749.750 ₫,2026-07-12 22:57:19
381210,dead by daylight,,562000.0,https://store.steampowered.com/app/381210/,https://shared.fastly.steamstatic.com/store_item_assets/steam/apps/381210/header.jpg?t=1783618189,562.000 ₫,2026-07-12 22:57:19
1172470,apex legends,,0.0,https://store.steampowered.com/app/1172470/,https://shared.fastly.steamstatic.com/store_item_assets/steam/apps/1172470/0bd74245b869287a2dc7f682e6013f7ed08d98e3/header.jpg?t=1778502442,Miễn phí,2026-07-12 22:57:19
881020,granblue fantasy: relink,,999750.0,https://store.steampowered.com/app/881020/,https://shared.fastly.steamstatic.com/store_item_assets/steam/apps/881020/header.jpg?t=1783524179,999.750 ₫,2026-07-12 22:57:19
3240220,grand theft auto v enhanced,,494750.0,https://store.steampowered.com/app/3240220/,https://shared.fastly.steamstatic.com/store_item_assets/steam/apps/3240220/header.jpg?t=1781187782,494.750 ₫,2026-07-12 22:57:19
1085660,destiny 2,,1740000.0,https://store.steampowered.com/app/1085660/,https://shared.fastly.steamstatic.com/store_item_assets/steam/apps/1085660/0ccf0dc0a8c4ec078db7ab99ddc820b2fa884441/header.jpg?t=1781815889,1.740.000 ₫,2026-07-12 22:57:19
2244210,echoes of aincrad,,1749750.0,https://store.steampowered.com/app/2244210/,https://shared.fastly.steamstatic.com/store_item_assets/steam/apps/2244210/25fb6350451b21ca824562c8d1eebe89091347cc/header.jpg?t=1783634634,1.749.750 ₫,2026-07-12 22:57:19
2694490,path of exile 2,,749750.0,https://store.steampowered.com/app/2694490/,https://shared.fastly.steamstatic.com/store_item_assets/steam/apps/2694490/24eeddcbda17903f03d819588757e40845f8115f/header.jpg?t=1781573777,749.750 ₫,2026-07-12 22:57:19
2399830,ark: survival ascended,,281000.0,https://store.steampowered.com/app/2399830/,https://shared.fastly.steamstatic.com/store_item_assets/steam/apps/2399830/d934813ca531af0fce69fe36bc972f1c90d1aa19/header.jpg?t=1779293241,281.000 ₫,2026-07-12 22:57:19
1174180,red dead redemption 2,,374750.0,https://store.steampowered.com/app/1174180/,https://shared.fastly.steamstatic.com/store_item_assets/steam/apps/1174180/header.jpg?t=1759502961,374.750 ₫,2026-07-12 22:57:19
359550,tom clancy's rainbow six siege,,0.0,https://store.steampowered.com/app/359550/,https://shared.fastly.steamstatic.com/store_item_assets/steam/apps/359550/d8a94437103c0b244ad4a9dbb8cc2d912e3b36ce/header_alt_assets_24.jpg?t=1783011073,Miễn phí,2026-07-12 22:57:19
1973530,limbus company,,0.0,https://store.steampowered.com/app/1973530/,https://shared.fastly.steamstatic.com/store_item_assets/steam/apps/1973530/header.jpg?t=1783074489,Miễn phí,2026-07-12 22:57:19
1962700,subnautica 2,,2024250.0,https://store.steampowered.com/app/1962700/,https://shared.fastly.steamstatic.com/store_item_assets/steam/apps/1962700/header.jpg?t=1780372044,2.024.250 ₫,2026-07-12 22:57:19
3405690,ea sports fc 26,,800000.0,https://store.steampowered.com/app/3405690/,https://shared.fastly.steamstatic.com/store_item_assets/steam/apps/3405690/64d362e71693f1ec7023f52ab94026f9a0d4fbed/header.jpg?t=1783095306,800.000 ₫,2026-07-12 22:57:19
236390,war thunder,,0.0,https://store.steampowered.com/app/236390/,https://shared.fastly.steamstatic.com/store_item_assets/steam/apps/236390/65885881b96806d55fea45e130233fdafd78b129/header.jpg?t=1783665009,Miễn phí,2026-07-12 22:57:19
3768760,007 first light,,1749750.0,https://store.steampowered.com/app/3768760/,https://shared.fastly.steamstatic.com/store_item_assets/steam/apps/3768760/dbe86ebd2edb4c77d113e9e2feefeb90189fabc9/header.jpg?t=1782807423,1.749.750 ₫,2026-07-12 22:57:19
1245620,elden ring,,1499750.0,https://store.steampowered.com/app/1245620/,https://shared.fastly.steamstatic.com/store_item_assets/steam/apps/1245620/header.jpg?t=1767883716,1.499.750 ₫,2026-07-12 22:57:19
39210,final fantasy xiv online,,499750.0,https://store.steampowered.com/app/39210/,https://shared.fastly.steamstatic.com/store_item_assets/steam/apps/39210/header.jpg?t=1782870674,499.750 ₫,2026-07-12 22:57:19
1086940,baldur's gate 3,,1499750.0,https://store.steampowered.com/app/1086940/,https://shared.fastly.steamstatic.com/store_item_assets/steam/apps/1086940/48a2fcbda8565bb45025e98fd8ebde8a7203f6a0/header.jpg?t=1777363040,1.499.750 ₫,2026-07-12 22:57:19
1361210,"warhammer 40,000: darktide",,1359250.0,https://store.steampowered.com/app/1361210/,https://shared.fastly.steamstatic.com/store_item_assets/steam/apps/1361210/c9110a232b6ba7ef21039fc00e4582b2acfec810/header_alt_assets_19.jpg?t=1782226781,1.359.250 ₫,2026-07-12 22:57:19
1771300,kingdom come: deliverance ii,,599750.0,https://store.steampowered.com/app/1771300/,https://shared.fastly.steamstatic.com/store_item_assets/steam/apps/1771300/header.jpg?t=1777975568,599.750 ₫,2026-07-12 22:57:19
440,team fortress 2,,0.0,https://store.steampowered.com/app/440/,https://shared.fastly.steamstatic.com/store_item_assets/steam/apps/440/header.jpg?t=1757348372,Miễn phí,2026-07-12 22:57:19
202970,call of duty: black ops ii,,19809500.0,https://store.steampowered.com/app/202970/,https://shared.fastly.steamstatic.com/store_item_assets/steam/apps/202970/header.jpg?t=1780962925,19.809.500 ₫,2026-07-12 22:57:19
578080,pubg: battlegrounds,,0.0,https://store.steampowered.com/app/578080/,https://shared.fastly.steamstatic.com/store_item_assets/steam/apps/578080/841ea38bc58cabb70aef65365cf50bc2d79329d9/header.jpg?t=1781659328,Miễn phí,2026-07-12 22:57:19
553850,helldivers 2,,1499750.0,https://store.steampowered.com/app/553850/,https://shared.fastly.steamstatic.com/store_item_assets/steam/apps/553850/f11c258b04a5e3e7771c1bab60f324ebf6c6c6fb/header.jpg?t=1779899567,1.499.750 ₫,2026-07-12 22:57:19
1285190,borderlands 4,,874750.0,https://store.steampowered.com/app/1285190/,https://shared.fastly.steamstatic.com/store_item_assets/steam/apps/1285190/2db6872252f6d3edef3d6634265b96d1a25a0922/header_alt_assets_3.jpg?t=1783456994,874.750 ₫,2026-07-12 22:57:19
3472040,nba 2k26,,244750.0,https://store.steampowered.com/app/3472040/,https://shared.fastly.steamstatic.com/store_item_assets/steam/apps/3472040/46650897e3b766a8b7f5e50313fcabba9afcf564/header_alt_assets_6.jpg?t=1782486648,244.750 ₫,2026-07-12 22:57:19
306130,the elder scrolls online,,3306000.0,https://store.steampowered.com/app/306130/,https://shared.fastly.steamstatic.com/store_item_assets/steam/apps/306130/465cc6917d2ed89c364ebfca85da07f79a2abfd6/header.jpg?t=1783621796,3.306.000 ₫,2026-07-12 22:57:19
2209900,moonlight peaks,,743500.0,https://store.steampowered.com/app/2209900/,https://shared.fastly.steamstatic.com/store_item_assets/steam/apps/2209900/9a9b199531ec49be95ea2d34e67dfab47106584b/header.jpg?t=1783444081,743.500 ₫,2026-07-12 22:57:19
270880,american truck simulator,,529500.0,https://store.steampowered.com/app/270880/,https://shared.fastly.steamstatic.com/store_item_assets/steam/apps/270880/a80e5a18363259677ca96c2a39503ea595d2a45f/header.jpg?t=1781788415,529.500 ₫,2026-07-12 22:57:19
1091500,cyberpunk 2077,,2069500.0,https://store.steampowered.com/app/1091500/,https://shared.fastly.steamstatic.com/store_item_assets/steam/apps/1091500/e9047d8ec47ae3d94bb8b464fb0fc9e9972b4ac7/header.jpg?t=1769690377,2.069.500 ₫,2026-07-12 22:57:19
2186680,"warhammer 40,000: rogue trader",,499750.0,https://store.steampowered.com/app/2186680/,https://shared.fastly.steamstatic.com/store_item_assets/steam/apps/2186680/c7b0bd6f233f6c03fa68eee2fd1108a183329230/header.jpg?t=1781198086,499.750 ₫,2026-07-12 22:57:19
1118520,paralives,,1349500.0,https://store.steampowered.com/app/1118520/,https://shared.fastly.steamstatic.com/store_item_assets/steam/apps/1118520/277ab7a2ad1bbce0f4837bb37a3c86d109bd5258/header.jpg?t=1783011783,1.349.500 ₫,2026-07-12 22:57:19
703080,planet zoo,,56000.0,https://store.steampowered.com/app/703080/,https://shared.fastly.steamstatic.com/store_item_assets/steam/apps/703080/header.jpg?t=1765896213,56.000 ₫,2026-07-12 22:57:19
2139460,once human,,0.0,https://store.steampowered.com/app/2139460/,https://shared.fastly.steamstatic.com/store_item_assets/steam/apps/2139460/c3ae7dbfae97aba9fce9c6e78e0dd2fc8d143462/header.jpg?t=1783650400,Miễn phí,2026-07-12 22:57:19
2073850,the finals,,0.0,https://store.steampowered.com/app/2073850/,https://shared.fastly.steamstatic.com/store_item_assets/steam/apps/2073850/61f55ef49a74c76bf9fda9ec35bc3101eeee2b3e/header.jpg?t=1783602452,Miễn phí,2026-07-12 22:57:19
1431300,sand: raiders of sophie,,1237000.0,https://store.steampowered.com/app/1431300/,https://shared.fastly.steamstatic.com/store_item_assets/steam/apps/1431300/cb9c54133c4f0bcada158d2da8cb47575914e89d/header.jpg?t=1782290789,1.237.000 ₫,2026-07-12 22:57:19
3892270,gamble with your friends,,733000.0,https://store.steampowered.com/app/3892270/,https://shared.fastly.steamstatic.com/store_item_assets/steam/apps/3892270/395e6d7972474333a698b26f8aa5597bf38109a1/header.jpg?t=1782258835,733.000 ₫,2026-07-12 22:57:19
1142710,total war: warhammer iii,,224750.0,https://store.steampowered.com/app/1142710/,https://shared.fastly.steamstatic.com/store_item_assets/steam/apps/1142710/header.jpg?t=1779441058,224.750 ₫,2026-07-12 22:57:19
3321460,crimson desert,,1749750.0,https://store.steampowered.com/app/3321460/,https://shared.fastly.steamstatic.com/store_item_assets/steam/apps/3321460/abd7dbdeaede8b6c9a6d40bf116ff2b883f2dd45/header.jpg?t=1781661893,1.749.750 ₫,2026-07-12 22:57:19
730,counter-strike 2,2012-08-21,0.0,https://store.steampowered.com/app/730/,https://shared.fastly.steamstatic.com/store_item_assets/steam/apps/730/162664aa5da85f418105350c5d67ca565f6c3713/header.jpg?t=1780435263,Miễn phí,2026-07-13 09:42:34
570,dota 2,2013-07-09,0.0,https://store.steampowered.com/app/570/,https://shared.fastly.steamstatic.com/store_item_assets/steam/apps/570/header.jpg?t=1769535998,Miễn phí,2026-07-13 09:42:34
1623730,palworld,2026-07-09,524750.0,https://store.steampowered.com/app/1623730/,https://shared.fastly.steamstatic.com/store_item_assets/steam/apps/1623730/6912f19c43a95ff5fe514eedd35e68bf12335459/header.jpg?t=1783654507,524.750 ₫,2026-07-13 09:42:34
252490,rust,2018-02-08,1866250.0,https://store.steampowered.com/app/252490/,https://shared.fastly.steamstatic.com/store_item_assets/steam/apps/252490/header.jpg?t=1781536981,1.866.250 ₫,2026-07-13 09:42:34
3564740,where winds meet,2025-11-14,0.0,https://store.steampowered.com/app/3564740/,https://shared.fastly.steamstatic.com/store_item_assets/steam/apps/3564740/6d94b048393d5358690a04a7db99f2c9739c703c/header.jpg?t=1782701148,Miễn phí,2026-07-13 09:42:34
3932890,escape from tarkov,2025-11-15,2049750.0,https://store.steampowered.com/app/3932890/,https://shared.fastly.steamstatic.com/store_item_assets/steam/apps/3932890/e1367f10d469137a2ced522b642a9b1ee10450da/header.jpg?t=1779703783,2.049.750 ₫,2026-07-13 09:42:34
2300320,farming simulator 25,2024-11-12,1244500.0,https://store.steampowered.com/app/2300320/,https://shared.fastly.steamstatic.com/store_item_assets/steam/apps/2300320/c2a205133d23cd24faf3c152d972a1d0177661b8/header.jpg?t=1783409834,1.244.500 ₫,2026-07-13 09:42:34
427520,factorio,2020-08-14,0.0,https://store.steampowered.com/app/427520/,https://shared.fastly.steamstatic.com/store_item_assets/steam/apps/427520/header.jpg?t=1763986204,Factorio Demo,2026-07-13 09:42:34
1903340,clair obscur: expedition 33,2025-04-24,1799500.0,https://store.steampowered.com/app/1903340/,https://shared.fastly.steamstatic.com/store_item_assets/steam/apps/1903340/be3305b02d4db0dffa3458537118423bf2792d7e/header.jpg?t=1782830877,1.799.500 ₫,2026-07-13 09:42:34
813780,age of empires ii: definitive edition,2019-11-14,1699500.0,https://store.steampowered.com/app/813780/,https://shared.fastly.steamstatic.com/store_item_assets/steam/apps/813780/header.jpg?t=1780505425,1.699.500 ₫,2026-07-13 09:42:34
4162040,zenless zone zero,2026-06-16,0.0,https://store.steampowered.com/app/4162040/,https://shared.fastly.steamstatic.com/store_item_assets/steam/apps/4162040/be0ca488708c4eda6668b031a99880dfd250de92/header.jpg?t=1781647256,Miễn phí,2026-07-13 09:42:34
1466860,age of empires iv: anniversary edition,2021-10-28,1799000.0,https://store.steampowered.com/app/1466860/,https://shared.fastly.steamstatic.com/store_item_assets/steam/apps/1466860/header.jpg?t=1780854334,1.799.000 ₫,2026-07-13 09:42:34
550,left 4 dead 2,2009-11-16,374500.0,https://store.steampowered.com/app/550/,https://shared.fastly.steamstatic.com/store_item_assets/steam/apps/550/header.jpg?t=1772742214,374.500 ₫,2026-07-13 09:42:34
4000,garry's mod,2006-11-29,2540500.0,https://store.steampowered.com/app/4000/,https://shared.fastly.steamstatic.com/store_item_assets/steam/apps/4000/header.jpg?t=1776868682,2.540.500 ₫,2026-07-13 09:42:34
219990,grim dawn,2016-02-25,124750.0,https://store.steampowered.com/app/219990/,https://shared.fastly.steamstatic.com/store_item_assets/steam/apps/219990/header.jpg?t=1780634926,124.750 ₫,2026-07-13 09:42:34
264710,subnautica,2018-01-23,899500.0,https://store.steampowered.com/app/264710/,https://shared.fastly.steamstatic.com/store_item_assets/steam/apps/264710/header.jpg?t=1777456112,899.500 ₫,2026-07-13 09:42:34
3678970,tbh: task bar hero,2026-05-27,498500.0,https://store.steampowered.com/app/3678970/,https://shared.fastly.steamstatic.com/store_item_assets/steam/apps/3678970/be640d1ea4db8d9139069e3799d8d4553f0c2131/header.jpg?t=1780512075,498.500 ₫,2026-07-13 09:42:34
1049590,eternal return,2023-07-19,0.0,https://store.steampowered.com/app/1049590/,https://shared.fastly.steamstatic.com/store_item_assets/steam/apps/1049590/336519676b5dc241cb1675b11fa67d3321d55839/header.jpg?t=1783571296,Miễn phí,2026-07-13 09:42:34
835570,conqueror's blade,2020-04-05,0.0,https://store.steampowered.com/app/835570/,https://shared.fastly.steamstatic.com/store_item_assets/steam/apps/835570/35b58a16012a84b14047cf662d24dd88046df528/header.jpg?t=1782465517,Miễn phí,2026-07-13 09:42:34
1934680,age of mythology: retold,2024-09-04,3672750.0,https://store.steampowered.com/app/1934680/,https://shared.fastly.steamstatic.com/store_item_assets/steam/apps/1934680/header.jpg?t=1780429786,3.672.750 ₫,2026-07-13 09:42:34
2426960,summoners war,2024-01-07,0.0,https://store.steampowered.com/app/2426960/,https://shared.fastly.steamstatic.com/store_item_assets/steam/apps/2426960/68829f7b675b25b54518a0323bad5957eb6df33a/header.jpg?t=1782723753,Miễn phí,2026-07-13 09:42:34
444200,world of tanks blitz,2016-11-09,0.0,https://store.steampowered.com/app/444200/,https://shared.fastly.steamstatic.com/store_item_assets/steam/apps/444200/89645aea3bb05b140ea9376a352ad6f01f8e90c6/header_alt_assets_4.jpg?t=1783335054,Miễn phí,2026-07-13 09:42:34
4069520,super battle golf,2026-02-19,517000.0,https://store.steampowered.com/app/4069520/,https://shared.fastly.steamstatic.com/store_item_assets/steam/apps/4069520/60b052f108998c01fed147d07578a2aed9bcd4ee/header.jpg?t=1783609083,517.000 ₫,2026-07-13 09:42:34
815370,green hell,2019-09-05,69750.0,https://store.steampowered.com/app/815370/,https://shared.fastly.steamstatic.com/store_item_assets/steam/apps/815370/header.jpg?t=1783077147,69.750 ₫,2026-07-13 09:42:34
4128580,bidking,2026-04-15,74750.0,https://store.steampowered.com/app/4128580/,https://shared.fastly.steamstatic.com/store_item_assets/steam/apps/4128580/b7e0ff7f05df2c97692bc61c5d3ddf751acb3477/header.jpg?t=1782972934,74.750 ₫,2026-07-13 09:42:34
4090980,escape from tarkov - the unheard steam edition expansion pack,2026-05-20,4624500.0,https://store.steampowered.com/app/4090980/,https://shared.fastly.steamstatic.com/store_item_assets/steam/apps/4090980/32ad3f1bc20ec2555326e3963f663199b6afaa4f/header.jpg?t=1779294515,4.624.500 ₫,2026-07-13 09:42:34
1206560,worldbox - god simulator,2021-12-02,499750.0,https://store.steampowered.com/app/1206560/,https://shared.fastly.steamstatic.com/store_item_assets/steam/apps/1206560/header.jpg?t=1727687171,499.750 ₫,2026-07-13 09:42:34
4584110,soul land: awakening world,2026-06-01,0.0,https://store.steampowered.com/app/4584110/,https://shared.fastly.steamstatic.com/store_item_assets/steam/apps/4584110/45014ea459d97292535a41072b2f2df6e95b5292/header.jpg?t=1780365992,Miễn phí,2026-07-13 09:42:34
2827200,mimesis,2025-10-27,249750.0,https://store.steampowered.com/app/2827200/,https://shared.fastly.steamstatic.com/store_item_assets/steam/apps/2827200/12344cf4308921c50f6603b618dd197a2ec54263/header_alt_assets_1.jpg?t=1781771581,249.750 ₫,2026-07-13 09:42:34
993090,lossless scaling,2018-12-28,174750.0,https://store.steampowered.com/app/993090/,https://shared.fastly.steamstatic.com/store_item_assets/steam/apps/993090/84ba6dc3a83e3dd4c0739985edbaf2e4051f57c4/header.jpg?t=1762179586,174.750 ₫,2026-07-13 09:42:34
3079210,hell let loose: vietnam,2026-08-13,899750.0,https://store.steampowered.com/app/3079210/,https://shared.fastly.steamstatic.com/store_item_assets/steam/apps/3079210/2e52f99e70e827b57a2205469dc5d529e8e0490a/header.jpg?t=1781191950,899.750 ₫,2026-07-13 09:42:34
3180070,"no, i'm not a human",2025-09-15,1550750.0,https://store.steampowered.com/app/3180070/,https://shared.fastly.steamstatic.com/store_item_assets/steam/apps/3180070/fadebc14211b17b5a6603926612ead9294cad9ce/header.jpg?t=1782490040,1.550.750 ₫,2026-07-13 09:42:34
1217060,gunfire reborn,2021-11-17,1078750.0,https://store.steampowered.com/app/1217060/,https://shared.fastly.steamstatic.com/store_item_assets/steam/apps/1217060/dd6c1906d262c38c183ccd711f192db187b5103f/header.jpg?t=1781241982,1.078.750 ₫,2026-07-13 09:42:34
2325290,sky: children of the light,2024-04-10,0.0,https://store.steampowered.com/app/2325290/,https://shared.fastly.steamstatic.com/store_item_assets/steam/apps/2325290/b479dd9cf274688a27fad74b74cc9d0b00082cfb/header.jpg?t=1779837720,Miễn phí,2026-07-13 09:42:34
3199170,blood strike,2025-03-13,0.0,https://store.steampowered.com/app/3199170/,https://shared.fastly.steamstatic.com/store_item_assets/steam/apps/3199170/header.jpg?t=1776308035,Miễn phí,2026-07-13 09:42:34
3052450,morimens,2024-08-01,0.0,https://store.steampowered.com/app/3052450/,https://shared.fastly.steamstatic.com/store_item_assets/steam/apps/3052450/header.jpg?t=1779704728,Miễn phí,2026-07-13 09:42:34
646570,slay the spire,2019-01-23,1124500.0,https://store.steampowered.com/app/646570/,https://shared.fastly.steamstatic.com/store_item_assets/steam/apps/646570/header.jpg?t=1774015376,1.124.500 ₫,2026-07-13 09:42:34
3009300,teamfight manager 2,2026-05-25,1011750.0,https://store.steampowered.com/app/3009300/,https://shared.fastly.steamstatic.com/store_item_assets/steam/apps/3009300/header.jpg?t=1783488741,1.011.750 ₫,2026-07-13 09:42:34
4427390,tbh : task bar hero - supporter pack,2026-05-27,179500.0,https://store.steampowered.com/app/4427390/,https://shared.fastly.steamstatic.com/store_item_assets/steam/apps/4427390/6137f456b421fd2187160ae2dd777e3298216ac3/header.jpg?t=1779969905,179.500 ₫,2026-07-13 09:42:34
1041320,lords mobile: kingdom wars,2019-06-02,0.0,https://store.steampowered.com/app/1041320/,https://shared.fastly.steamstatic.com/store_item_assets/steam/apps/1041320/header.jpg?t=1753929753,Miễn phí,2026-07-13 09:42:34
2404880,car dealer simulator,2025-05-29,854500.0,https://store.steampowered.com/app/2404880/,https://shared.fastly.steamstatic.com/store_item_assets/steam/apps/2404880/912cbaa8f79ff04345575ee665cfdf64daa36fff/header.jpg?t=1783851063,854.500 ₫,2026-07-13 09:42:34
3293260,waterpark simulator,2025-08-22,324750.0,https://store.steampowered.com/app/3293260/,https://shared.fastly.steamstatic.com/store_item_assets/steam/apps/3293260/0ccbcfb6c2f5c41a62f774dcc1ccc2d206e18525/header_alt_assets_6.jpg?t=1782323576,324.750 ₫,2026-07-13 09:42:34
546560,half-life: alyx,2020-03-23,1499750.0,https://store.steampowered.com/app/546560/,https://shared.fastly.steamstatic.com/store_item_assets/steam/apps/546560/header.jpg?t=1762986588,1.499.750 ₫,2026-07-13 09:42:34
897670,grim dawn - forgotten gods expansion,2019-03-27,159750.0,https://store.steampowered.com/app/897670/,https://shared.fastly.steamstatic.com/store_item_assets/steam/apps/897670/header.jpg?t=1750705149,159.750 ₫,2026-07-13 09:42:34
1637320,dome keeper,2022-09-27,876250.0,https://store.steampowered.com/app/1637320/,https://shared.fastly.steamstatic.com/store_item_assets/steam/apps/1637320/334439c379674a719de3f12028f76977aeb176c6/header.jpg?t=1782455701,876.250 ₫,2026-07-13 09:42:34
824270,kovaak's,2018-04-03,297000.0,https://store.steampowered.com/app/824270/,https://shared.fastly.steamstatic.com/store_item_assets/steam/apps/824270/header.jpg?t=1774631479,297.000 ₫,2026-07-13 09:42:34
2527500,miside,2024-12-10,787000.0,https://store.steampowered.com/app/2527500/,https://shared.fastly.steamstatic.com/store_item_assets/steam/apps/2527500/header.jpg?t=1781766453,787.000 ₫,2026-07-13 09:42:34
